URL,Email
https://drpankajmehtadental.com/,gum
https://drpankajmehtadental.com/about-us/,gum
https://drpankajmehtadental.com/dental-implants-2/,gum
https://drpankajmehtadental.com/all-on-x-full-arch-implants/,gum
https://drpankajmehtadental.com/digital-smile-design/,gum
https://drpankajmehtadental.com/porcelain-veneers/,gum
https://drpankajmehtadental.com/invisible-braces-and-orthodontics/,gum
https://drpankajmehtadental.com/microscopic-pain-free-root-canal-treatment/,gum
https://drpankajmehtadental.com/laser-assisted-gum-treatments/,Gum
https://drpankajmehtadental.com/full-mouth-rehabilitations/,gum
https://drpankajmehtadental.com/dental-ct-scan/,gum
https://drpankajmehtadental.com/general-dentistry-filling-and-maintainence/,gum
https://drpankajmehtadental.com/children-dentistry/,gum
https://drpankajmehtadental.com/teeth-whitening/,gum
https://drpankajmehtadental.com/clinic-tour/,gum
https://drpankajmehtadental.com/before-and-after/,gum
https://drpankajmehtadental.com/dental-implants/,gum
https://drpankajmehtadental.com/education/,gum
https://drpankajmehtadental.com/smile-gallery10/,gum
https://drpankajmehtadental.com/contact-us/,gum
https://drpankajmehtadental.com/smile-galler12/,gum
https://drpankajmehtadental.com/smile-galler13/,gum
https://drpankajmehtadental.com/smile-galler14/,gum
https://drpankajmehtadental.com/smile-galler15/,gum
https://drpankajmehtadental.com/smile-gallery1/,gum
https://drpankajmehtadental.com/smile-galler2/,gum
https://drpankajmehtadental.com/smile-gallery3/,gum
https://drpankajmehtadental.com/smile-gallery4/,gum
https://drpankajmehtadental.com/smile-galler5/,gum
https://drpankajmehtadental.com/smile-gallery6/,gum
https://drpankajmehtadental.com/smile-gallery7/,gum
https://drpankajmehtadental.com/smile-gallery8/,gum
https://drpankajmehtadental.com/smile-gallery11/,gum
https://drpankajmehtadental.com/what-is-lorem-ipsum/,gum
https://drpankajmehtadental.com/why-do-we-use-it/,gum
https://drpankajmehtadental.com/where-does-it-come-from/,gum
https://drpankajmehtadental.com/where-can-i-get-some/,gum
https://drpankajmehtadental.com/the-standard-lorem-ipsum/,gum
https://drpankajmehtadental.com/smile-gallery9/,gum
https://drpankajmehtadental.com/2021/04/05/,gum
https://drpankajmehtadental.com/hello-world/,gum
https://drpankajmehtadental.com/2021/03/17/,gum
